fragment_id,class_id,class_name
frag_00005,class_001,Policy-like Fragments
frag_00025,class_001,Policy-like Fragments
frag_00027,class_001,Policy-like Fragments
frag_00028,class_001,Policy-like Fragments
frag_00041,class_001,Policy-like Fragments
frag_00047,class_001,Policy-like Fragments
frag_00066,class_001,Policy-like Fragments
frag_00071,class_001,Policy-like Fragments
frag_00072,class_001,Policy-like Fragments
frag_00084,class_001,Policy-like Fragments
frag_00110,class_001,Policy-like Fragments
frag_00129,class_001,Policy-like Fragments
frag_00131,class_001,Policy-like Fragments
frag_00133,class_001,Policy-like Fragments
frag_00137,class_001,Policy-like Fragments
frag_00139,class_001,Policy-like Fragments
frag_00174,class_001,Policy-like Fragments
frag_00196,class_001,Policy-like Fragments
frag_00198,class_001,Policy-like Fragments
frag_00200,class_001,Policy-like Fragments
frag_00204,class_001,Policy-like Fragments
frag_00227,class_001,Policy-like Fragments
frag_00228,class_001,Policy-like Fragments
frag_00247,class_001,Policy-like Fragments
frag_00274,class_001,Policy-like Fragments
frag_00297,class_001,Policy-like Fragments
frag_00309,class_001,Policy-like Fragments
frag_00318,class_001,Policy-like Fragments
frag_00326,class_001,Policy-like Fragments
frag_00349,class_001,Policy-like Fragments
frag_00389,class_001,Policy-like Fragments
frag_00390,class_001,Policy-like Fragments
frag_00398,class_001,Policy-like Fragments
frag_00408,class_001,Policy-like Fragments
frag_00409,class_001,Policy-like Fragments
frag_00419,class_001,Policy-like Fragments
frag_00422,class_001,Policy-like Fragments
frag_00425,class_001,Policy-like Fragments
frag_00426,class_001,Policy-like Fragments
frag_00437,class_001,Policy-like Fragments
frag_00468,class_001,Policy-like Fragments
frag_00470,class_001,Policy-like Fragments
frag_00475,class_001,Policy-like Fragments
frag_00476,class_001,Policy-like Fragments
frag_00479,class_001,Policy-like Fragments
frag_00480,class_001,Policy-like Fragments
frag_00533,class_001,Policy-like Fragments
frag_00540,class_001,Policy-like Fragments
frag_00553,class_001,Policy-like Fragments
frag_00554,class_001,Policy-like Fragments
frag_00579,class_001,Policy-like Fragments
frag_00581,class_001,Policy-like Fragments
frag_00585,class_001,Policy-like Fragments
frag_00586,class_001,Policy-like Fragments
frag_00588,class_001,Policy-like Fragments
frag_00590,class_001,Policy-like Fragments
frag_00592,class_001,Policy-like Fragments
frag_00618,class_001,Policy-like Fragments
frag_00619,class_001,Policy-like Fragments
frag_00622,class_001,Policy-like Fragments
frag_00624,class_001,Policy-like Fragments
frag_00628,class_001,Policy-like Fragments
frag_00635,class_001,Policy-like Fragments
frag_00648,class_001,Policy-like Fragments
frag_00656,class_001,Policy-like Fragments
frag_00661,class_001,Policy-like Fragments
frag_00664,class_001,Policy-like Fragments
frag_00666,class_001,Policy-like Fragments
frag_00691,class_001,Policy-like Fragments
frag_00697,class_001,Policy-like Fragments
frag_00701,class_001,Policy-like Fragments
frag_00711,class_001,Policy-like Fragments
frag_00713,class_001,Policy-like Fragments
frag_00714,class_001,Policy-like Fragments
frag_00716,class_001,Policy-like Fragments
frag_00738,class_001,Policy-like Fragments
frag_00797,class_001,Policy-like Fragments
frag_00822,class_001,Policy-like Fragments
frag_00826,class_001,Policy-like Fragments
frag_00832,class_001,Policy-like Fragments
frag_00833,class_001,Policy-like Fragments
frag_00834,class_001,Policy-like Fragments
frag_00835,class_001,Policy-like Fragments
frag_00836,class_001,Policy-like Fragments
frag_00839,class_001,Policy-like Fragments
frag_00851,class_001,Policy-like Fragments
frag_00854,class_001,Policy-like Fragments
frag_00877,class_001,Policy-like Fragments
frag_00880,class_001,Policy-like Fragments
frag_00881,class_001,Policy-like Fragments
frag_00931,class_001,Policy-like Fragments
frag_00933,class_001,Policy-like Fragments
frag_00934,class_001,Policy-like Fragments
frag_00936,class_001,Policy-like Fragments
frag_00940,class_001,Policy-like Fragments
frag_00942,class_001,Policy-like Fragments
frag_00956,class_001,Policy-like Fragments
frag_00957,class_001,Policy-like Fragments
frag_00960,class_001,Policy-like Fragments
frag_00985,class_001,Policy-like Fragments
frag_00990,class_001,Policy-like Fragments
frag_00992,class_001,Policy-like Fragments
frag_00999,class_001,Policy-like Fragments
frag_01002,class_001,Policy-like Fragments
frag_01003,class_001,Policy-like Fragments
frag_01019,class_001,Policy-like Fragments
frag_01040,class_001,Policy-like Fragments
frag_01051,class_001,Policy-like Fragments
frag_01052,class_001,Policy-like Fragments
frag_01054,class_001,Policy-like Fragments
frag_01055,class_001,Policy-like Fragments
frag_01075,class_001,Policy-like Fragments
frag_01081,class_001,Policy-like Fragments
frag_01082,class_001,Policy-like Fragments
frag_01094,class_001,Policy-like Fragments
frag_01145,class_001,Policy-like Fragments
frag_01146,class_001,Policy-like Fragments
frag_01160,class_001,Policy-like Fragments
frag_01174,class_001,Policy-like Fragments
frag_01175,class_001,Policy-like Fragments
frag_01176,class_001,Policy-like Fragments
frag_01185,class_001,Policy-like Fragments
frag_01187,class_001,Policy-like Fragments
frag_01196,class_001,Policy-like Fragments
frag_01198,class_001,Policy-like Fragments
frag_01199,class_001,Policy-like Fragments
frag_01200,class_001,Policy-like Fragments
frag_01206,class_001,Policy-like Fragments
frag_01220,class_001,Policy-like Fragments
frag_01255,class_001,Policy-like Fragments
frag_01257,class_001,Policy-like Fragments
frag_01258,class_001,Policy-like Fragments
frag_01280,class_001,Policy-like Fragments
frag_01300,class_001,Policy-like Fragments
frag_01302,class_001,Policy-like Fragments
frag_01327,class_001,Policy-like Fragments
frag_01332,class_001,Policy-like Fragments
frag_01341,class_001,Policy-like Fragments
frag_01364,class_001,Policy-like Fragments
frag_01366,class_001,Policy-like Fragments
frag_01367,class_001,Policy-like Fragments
frag_01369,class_001,Policy-like Fragments
frag_01382,class_001,Policy-like Fragments
frag_01383,class_001,Policy-like Fragments
frag_01387,class_001,Policy-like Fragments
frag_01388,class_001,Policy-like Fragments
frag_01389,class_001,Policy-like Fragments
frag_01397,class_001,Policy-like Fragments
frag_01398,class_001,Policy-like Fragments
frag_01399,class_001,Policy-like Fragments
frag_01402,class_001,Policy-like Fragments
frag_01403,class_001,Policy-like Fragments
frag_01404,class_001,Policy-like Fragments
frag_01428,class_001,Policy-like Fragments
frag_01430,class_001,Policy-like Fragments
frag_01488,class_001,Policy-like Fragments
frag_01490,class_001,Policy-like Fragments
frag_01492,class_001,Policy-like Fragments
frag_01493,class_001,Policy-like Fragments
frag_01494,class_001,Policy-like Fragments
frag_01504,class_001,Policy-like Fragments
frag_01506,class_001,Policy-like Fragments
frag_01537,class_001,Policy-like Fragments
frag_01541,class_001,Policy-like Fragments
frag_01542,class_001,Policy-like Fragments
frag_01544,class_001,Policy-like Fragments
frag_01545,class_001,Policy-like Fragments
frag_01548,class_001,Policy-like Fragments
frag_01554,class_001,Policy-like Fragments
frag_01555,class_001,Policy-like Fragments
frag_01557,class_001,Policy-like Fragments
frag_01559,class_001,Policy-like Fragments
frag_01560,class_001,Policy-like Fragments
frag_01561,class_001,Policy-like Fragments
frag_01568,class_001,Policy-like Fragments
frag_01601,class_001,Policy-like Fragments
frag_01612,class_001,Policy-like Fragments
frag_01648,class_001,Policy-like Fragments
frag_01650,class_001,Policy-like Fragments
frag_01671,class_001,Policy-like Fragments
frag_01687,class_001,Policy-like Fragments
frag_01703,class_001,Policy-like Fragments
frag_01705,class_001,Policy-like Fragments
frag_01706,class_001,Policy-like Fragments
frag_01734,class_001,Policy-like Fragments
frag_01737,class_001,Policy-like Fragments
frag_01739,class_001,Policy-like Fragments
frag_01740,class_001,Policy-like Fragments
frag_01741,class_001,Policy-like Fragments
frag_01742,class_001,Policy-like Fragments
frag_01743,class_001,Policy-like Fragments
frag_01774,class_001,Policy-like Fragments
frag_01775,class_001,Policy-like Fragments
frag_01778,class_001,Policy-like Fragments
frag_01779,class_001,Policy-like Fragments
frag_01782,class_001,Policy-like Fragments
frag_01783,class_001,Policy-like Fragments
frag_01792,class_001,Policy-like Fragments
frag_01807,class_001,Policy-like Fragments
frag_01823,class_001,Policy-like Fragments
frag_01825,class_001,Policy-like Fragments
frag_01834,class_001,Policy-like Fragments
frag_01836,class_001,Policy-like Fragments
frag_01869,class_001,Policy-like Fragments
frag_01871,class_001,Policy-like Fragments
frag_01880,class_001,Policy-like Fragments
frag_01882,class_001,Policy-like Fragments
frag_01883,class_001,Policy-like Fragments
frag_01884,class_001,Policy-like Fragments
frag_01885,class_001,Policy-like Fragments
frag_01891,class_001,Policy-like Fragments
frag_01893,class_001,Policy-like Fragments
frag_01894,class_001,Policy-like Fragments
frag_01907,class_001,Policy-like Fragments
frag_01908,class_001,Policy-like Fragments
frag_01909,class_001,Policy-like Fragments
frag_01932,class_001,Policy-like Fragments
frag_01934,class_001,Policy-like Fragments
frag_01935,class_001,Policy-like Fragments
frag_01951,class_001,Policy-like Fragments
frag_01952,class_001,Policy-like Fragments
frag_01987,class_001,Policy-like Fragments
frag_01988,class_001,Policy-like Fragments
frag_01990,class_001,Policy-like Fragments
frag_01992,class_001,Policy-like Fragments
frag_02013,class_001,Policy-like Fragments
frag_02015,class_001,Policy-like Fragments
frag_02026,class_001,Policy-like Fragments
frag_02027,class_001,Policy-like Fragments
frag_02035,class_001,Policy-like Fragments
frag_02041,class_001,Policy-like Fragments
frag_02049,class_001,Policy-like Fragments
frag_02051,class_001,Policy-like Fragments
frag_02073,class_001,Policy-like Fragments
frag_02075,class_001,Policy-like Fragments
frag_02076,class_001,Policy-like Fragments
frag_02077,class_001,Policy-like Fragments
frag_02095,class_001,Policy-like Fragments
frag_02096,class_001,Policy-like Fragments
frag_02099,class_001,Policy-like Fragments
frag_02100,class_001,Policy-like Fragments
frag_02105,class_001,Policy-like Fragments
frag_02106,class_001,Policy-like Fragments
frag_02110,class_001,Policy-like Fragments
frag_02111,class_001,Policy-like Fragments
frag_02114,class_001,Policy-like Fragments
frag_02131,class_001,Policy-like Fragments
frag_02134,class_001,Policy-like Fragments
frag_02142,class_001,Policy-like Fragments
frag_02143,class_001,Policy-like Fragments
frag_02145,class_001,Policy-like Fragments
frag_02175,class_001,Policy-like Fragments
frag_02182,class_001,Policy-like Fragments
frag_02195,class_001,Policy-like Fragments
frag_02202,class_001,Policy-like Fragments
frag_02213,class_001,Policy-like Fragments
frag_02214,class_001,Policy-like Fragments
frag_02217,class_001,Policy-like Fragments
frag_02220,class_001,Policy-like Fragments
frag_02222,class_001,Policy-like Fragments
frag_02224,class_001,Policy-like Fragments
frag_02252,class_001,Policy-like Fragments
frag_02254,class_001,Policy-like Fragments
frag_02257,class_001,Policy-like Fragments
frag_02281,class_001,Policy-like Fragments
frag_02306,class_001,Policy-like Fragments
frag_02307,class_001,Policy-like Fragments
frag_02310,class_001,Policy-like Fragments
frag_02338,class_001,Policy-like Fragments
frag_02339,class_001,Policy-like Fragments
frag_02342,class_001,Policy-like Fragments
frag_02344,class_001,Policy-like Fragments
frag_02345,class_001,Policy-like Fragments
frag_02347,class_001,Policy-like Fragments
frag_02349,class_001,Policy-like Fragments
frag_02356,class_001,Policy-like Fragments
frag_02382,class_001,Policy-like Fragments
frag_02386,class_001,Policy-like Fragments
frag_02387,class_001,Policy-like Fragments
frag_02399,class_001,Policy-like Fragments
frag_02406,class_001,Policy-like Fragments
frag_02408,class_001,Policy-like Fragments
frag_02422,class_001,Policy-like Fragments
frag_02438,class_001,Policy-like Fragments
frag_02440,class_001,Policy-like Fragments
frag_02482,class_001,Policy-like Fragments
frag_02483,class_001,Policy-like Fragments
frag_02486,class_001,Policy-like Fragments
frag_02487,class_001,Policy-like Fragments
frag_02488,class_001,Policy-like Fragments
frag_02496,class_001,Policy-like Fragments
frag_02502,class_001,Policy-like Fragments
frag_02516,class_001,Policy-like Fragments
frag_02518,class_001,Policy-like Fragments
frag_02541,class_001,Policy-like Fragments
frag_02557,class_001,Policy-like Fragments
frag_02617,class_001,Policy-like Fragments
frag_02619,class_001,Policy-like Fragments
frag_02626,class_001,Policy-like Fragments
frag_02629,class_001,Policy-like Fragments
frag_02641,class_001,Policy-like Fragments
frag_02642,class_001,Policy-like Fragments
frag_02671,class_001,Policy-like Fragments
frag_02673,class_001,Policy-like Fragments
frag_02675,class_001,Policy-like Fragments
frag_02677,class_001,Policy-like Fragments
frag_02687,class_001,Policy-like Fragments
frag_02699,class_001,Policy-like Fragments
frag_02701,class_001,Policy-like Fragments
frag_02703,class_001,Policy-like Fragments
frag_02705,class_001,Policy-like Fragments
frag_02708,class_001,Policy-like Fragments
frag_02710,class_001,Policy-like Fragments
frag_02712,class_001,Policy-like Fragments
frag_02714,class_001,Policy-like Fragments
frag_02717,class_001,Policy-like Fragments
frag_02719,class_001,Policy-like Fragments
frag_02721,class_001,Policy-like Fragments
frag_02723,class_001,Policy-like Fragments
frag_02729,class_001,Policy-like Fragments
frag_02732,class_001,Policy-like Fragments
frag_02734,class_001,Policy-like Fragments
frag_02735,class_001,Policy-like Fragments
frag_02738,class_001,Policy-like Fragments
frag_02743,class_001,Policy-like Fragments
frag_02746,class_001,Policy-like Fragments
frag_02751,class_001,Policy-like Fragments
frag_02752,class_001,Policy-like Fragments
frag_02754,class_001,Policy-like Fragments
frag_02759,class_001,Policy-like Fragments
frag_02765,class_001,Policy-like Fragments
frag_02768,class_001,Policy-like Fragments
frag_01491,class_002,Approval Lookup Subspace
frag_01744,class_002,Approval Lookup Subspace
frag_02673,class_002,Approval Lookup Subspace
frag_02679,class_002,Approval Lookup Subspace
frag_02680,class_002,Approval Lookup Subspace
frag_02681,class_002,Approval Lookup Subspace
frag_02682,class_002,Approval Lookup Subspace
frag_02683,class_002,Approval Lookup Subspace
frag_02684,class_002,Approval Lookup Subspace
frag_02685,class_002,Approval Lookup Subspace
frag_02686,class_002,Approval Lookup Subspace
frag_02696,class_002,Approval Lookup Subspace
frag_02701,class_002,Approval Lookup Subspace
frag_02703,class_002,Approval Lookup Subspace
frag_02705,class_002,Approval Lookup Subspace
frag_02710,class_002,Approval Lookup Subspace
frag_02721,class_002,Approval Lookup Subspace
frag_02723,class_002,Approval Lookup Subspace
frag_02765,class_002,Approval Lookup Subspace
frag_00004,class_003,Metric Lookup Subspace
frag_00006,class_003,Metric Lookup Subspace
frag_00072,class_003,Metric Lookup Subspace
frag_00092,class_003,Metric Lookup Subspace
frag_00099,class_003,Metric Lookup Subspace
frag_00104,class_003,Metric Lookup Subspace
frag_00125,class_003,Metric Lookup Subspace
frag_00131,class_003,Metric Lookup Subspace
frag_00137,class_003,Metric Lookup Subspace
frag_00160,class_003,Metric Lookup Subspace
frag_00164,class_003,Metric Lookup Subspace
frag_00199,class_003,Metric Lookup Subspace
frag_00200,class_003,Metric Lookup Subspace
frag_00216,class_003,Metric Lookup Subspace
frag_00217,class_003,Metric Lookup Subspace
frag_00218,class_003,Metric Lookup Subspace
frag_00240,class_003,Metric Lookup Subspace
frag_00262,class_003,Metric Lookup Subspace
frag_00263,class_003,Metric Lookup Subspace
frag_00265,class_003,Metric Lookup Subspace
frag_00267,class_003,Metric Lookup Subspace
frag_00268,class_003,Metric Lookup Subspace
frag_00269,class_003,Metric Lookup Subspace
frag_00270,class_003,Metric Lookup Subspace
frag_00284,class_003,Metric Lookup Subspace
frag_00360,class_003,Metric Lookup Subspace
frag_00393,class_003,Metric Lookup Subspace
frag_00400,class_003,Metric Lookup Subspace
frag_00402,class_003,Metric Lookup Subspace
frag_00415,class_003,Metric Lookup Subspace
frag_00416,class_003,Metric Lookup Subspace
frag_00417,class_003,Metric Lookup Subspace
frag_00418,class_003,Metric Lookup Subspace
frag_00422,class_003,Metric Lookup Subspace
frag_00424,class_003,Metric Lookup Subspace
frag_00437,class_003,Metric Lookup Subspace
frag_00438,class_003,Metric Lookup Subspace
frag_00452,class_003,Metric Lookup Subspace
frag_00454,class_003,Metric Lookup Subspace
frag_00455,class_003,Metric Lookup Subspace
frag_00456,class_003,Metric Lookup Subspace
frag_00457,class_003,Metric Lookup Subspace
frag_00458,class_003,Metric Lookup Subspace
frag_00460,class_003,Metric Lookup Subspace
frag_00470,class_003,Metric Lookup Subspace
frag_00476,class_003,Metric Lookup Subspace
frag_00486,class_003,Metric Lookup Subspace
frag_00497,class_003,Metric Lookup Subspace
frag_00499,class_003,Metric Lookup Subspace
frag_00502,class_003,Metric Lookup Subspace
frag_00505,class_003,Metric Lookup Subspace
frag_00509,class_003,Metric Lookup Subspace
frag_00545,class_003,Metric Lookup Subspace
frag_00581,class_003,Metric Lookup Subspace
frag_00627,class_003,Metric Lookup Subspace
frag_00628,class_003,Metric Lookup Subspace
frag_00662,class_003,Metric Lookup Subspace
frag_00663,class_003,Metric Lookup Subspace
frag_00665,class_003,Metric Lookup Subspace
frag_00666,class_003,Metric Lookup Subspace
frag_00667,class_003,Metric Lookup Subspace
frag_00668,class_003,Metric Lookup Subspace
frag_00685,class_003,Metric Lookup Subspace
frag_00686,class_003,Metric Lookup Subspace
frag_00697,class_003,Metric Lookup Subspace
frag_00698,class_003,Metric Lookup Subspace
frag_00699,class_003,Metric Lookup Subspace
frag_00759,class_003,Metric Lookup Subspace
frag_00769,class_003,Metric Lookup Subspace
frag_00772,class_003,Metric Lookup Subspace
frag_00778,class_003,Metric Lookup Subspace
frag_00779,class_003,Metric Lookup Subspace
frag_00790,class_003,Metric Lookup Subspace
frag_00799,class_003,Metric Lookup Subspace
frag_00808,class_003,Metric Lookup Subspace
frag_00826,class_003,Metric Lookup Subspace
frag_00849,class_003,Metric Lookup Subspace
frag_00850,class_003,Metric Lookup Subspace
frag_00851,class_003,Metric Lookup Subspace
frag_00852,class_003,Metric Lookup Subspace
frag_00854,class_003,Metric Lookup Subspace
frag_00861,class_003,Metric Lookup Subspace
frag_00869,class_003,Metric Lookup Subspace
frag_00897,class_003,Metric Lookup Subspace
frag_00907,class_003,Metric Lookup Subspace
frag_00924,class_003,Metric Lookup Subspace
frag_00967,class_003,Metric Lookup Subspace
frag_00968,class_003,Metric Lookup Subspace
frag_00983,class_003,Metric Lookup Subspace
frag_00984,class_003,Metric Lookup Subspace
frag_00989,class_003,Metric Lookup Subspace
frag_00990,class_003,Metric Lookup Subspace
frag_00999,class_003,Metric Lookup Subspace
frag_01003,class_003,Metric Lookup Subspace
frag_01013,class_003,Metric Lookup Subspace
frag_01043,class_003,Metric Lookup Subspace
frag_01055,class_003,Metric Lookup Subspace
frag_01056,class_003,Metric Lookup Subspace
frag_01064,class_003,Metric Lookup Subspace
frag_01098,class_003,Metric Lookup Subspace
frag_01107,class_003,Metric Lookup Subspace
frag_01116,class_003,Metric Lookup Subspace
frag_01119,class_003,Metric Lookup Subspace
frag_01163,class_003,Metric Lookup Subspace
frag_01207,class_003,Metric Lookup Subspace
frag_01208,class_003,Metric Lookup Subspace
frag_01309,class_003,Metric Lookup Subspace
frag_01344,class_003,Metric Lookup Subspace
frag_01381,class_003,Metric Lookup Subspace
frag_01454,class_003,Metric Lookup Subspace
frag_01459,class_003,Metric Lookup Subspace
frag_01464,class_003,Metric Lookup Subspace
frag_01471,class_003,Metric Lookup Subspace
frag_01472,class_003,Metric Lookup Subspace
frag_01499,class_003,Metric Lookup Subspace
frag_01500,class_003,Metric Lookup Subspace
frag_01567,class_003,Metric Lookup Subspace
frag_01595,class_003,Metric Lookup Subspace
frag_01607,class_003,Metric Lookup Subspace
frag_01610,class_003,Metric Lookup Subspace
frag_01612,class_003,Metric Lookup Subspace
frag_01616,class_003,Metric Lookup Subspace
frag_01622,class_003,Metric Lookup Subspace
frag_01684,class_003,Metric Lookup Subspace
frag_01725,class_003,Metric Lookup Subspace
frag_01727,class_003,Metric Lookup Subspace
frag_01728,class_003,Metric Lookup Subspace
frag_01730,class_003,Metric Lookup Subspace
frag_01741,class_003,Metric Lookup Subspace
frag_01752,class_003,Metric Lookup Subspace
frag_01756,class_003,Metric Lookup Subspace
frag_01757,class_003,Metric Lookup Subspace
frag_01759,class_003,Metric Lookup Subspace
frag_01792,class_003,Metric Lookup Subspace
frag_01831,class_003,Metric Lookup Subspace
frag_01832,class_003,Metric Lookup Subspace
frag_01834,class_003,Metric Lookup Subspace
frag_01836,class_003,Metric Lookup Subspace
frag_01907,class_003,Metric Lookup Subspace
frag_01909,class_003,Metric Lookup Subspace
frag_01936,class_003,Metric Lookup Subspace
frag_01937,class_003,Metric Lookup Subspace
frag_01940,class_003,Metric Lookup Subspace
frag_01942,class_003,Metric Lookup Subspace
frag_01959,class_003,Metric Lookup Subspace
frag_01960,class_003,Metric Lookup Subspace
frag_01961,class_003,Metric Lookup Subspace
frag_01963,class_003,Metric Lookup Subspace
frag_01965,class_003,Metric Lookup Subspace
frag_01966,class_003,Metric Lookup Subspace
frag_01967,class_003,Metric Lookup Subspace
frag_01973,class_003,Metric Lookup Subspace
frag_01977,class_003,Metric Lookup Subspace
frag_02048,class_003,Metric Lookup Subspace
frag_02049,class_003,Metric Lookup Subspace
frag_02051,class_003,Metric Lookup Subspace
frag_02053,class_003,Metric Lookup Subspace
frag_02056,class_003,Metric Lookup Subspace
frag_02062,class_003,Metric Lookup Subspace
frag_02063,class_003,Metric Lookup Subspace
frag_02084,class_003,Metric Lookup Subspace
frag_02085,class_003,Metric Lookup Subspace
frag_02111,class_003,Metric Lookup Subspace
frag_02136,class_003,Metric Lookup Subspace
frag_02153,class_003,Metric Lookup Subspace
frag_02159,class_003,Metric Lookup Subspace
frag_02169,class_003,Metric Lookup Subspace
frag_02175,class_003,Metric Lookup Subspace
frag_02180,class_003,Metric Lookup Subspace
frag_02195,class_003,Metric Lookup Subspace
frag_02249,class_003,Metric Lookup Subspace
frag_02250,class_003,Metric Lookup Subspace
frag_02251,class_003,Metric Lookup Subspace
frag_02268,class_003,Metric Lookup Subspace
frag_02291,class_003,Metric Lookup Subspace
frag_02292,class_003,Metric Lookup Subspace
frag_02293,class_003,Metric Lookup Subspace
frag_02329,class_003,Metric Lookup Subspace
frag_02333,class_003,Metric Lookup Subspace
frag_02335,class_003,Metric Lookup Subspace
frag_02337,class_003,Metric Lookup Subspace
frag_02379,class_003,Metric Lookup Subspace
frag_02380,class_003,Metric Lookup Subspace
frag_02381,class_003,Metric Lookup Subspace
frag_02382,class_003,Metric Lookup Subspace
frag_02408,class_003,Metric Lookup Subspace
frag_02409,class_003,Metric Lookup Subspace
frag_02411,class_003,Metric Lookup Subspace
frag_02413,class_003,Metric Lookup Subspace
frag_02415,class_003,Metric Lookup Subspace
frag_02417,class_003,Metric Lookup Subspace
frag_02419,class_003,Metric Lookup Subspace
frag_02421,class_003,Metric Lookup Subspace
frag_02422,class_003,Metric Lookup Subspace
frag_02423,class_003,Metric Lookup Subspace
frag_02442,class_003,Metric Lookup Subspace
frag_02443,class_003,Metric Lookup Subspace
frag_02453,class_003,Metric Lookup Subspace
frag_02455,class_003,Metric Lookup Subspace
frag_02493,class_003,Metric Lookup Subspace
frag_02516,class_003,Metric Lookup Subspace
frag_02517,class_003,Metric Lookup Subspace
frag_02518,class_003,Metric Lookup Subspace
frag_02519,class_003,Metric Lookup Subspace
frag_02520,class_003,Metric Lookup Subspace
frag_02521,class_003,Metric Lookup Subspace
frag_02522,class_003,Metric Lookup Subspace
frag_02605,class_003,Metric Lookup Subspace
frag_02606,class_003,Metric Lookup Subspace
frag_02607,class_003,Metric Lookup Subspace
frag_02608,class_003,Metric Lookup Subspace
frag_02609,class_003,Metric Lookup Subspace
frag_02610,class_003,Metric Lookup Subspace
frag_02611,class_003,Metric Lookup Subspace
frag_02612,class_003,Metric Lookup Subspace
frag_02616,class_003,Metric Lookup Subspace
frag_02617,class_003,Metric Lookup Subspace
frag_02634,class_003,Metric Lookup Subspace
frag_02636,class_003,Metric Lookup Subspace
frag_02639,class_003,Metric Lookup Subspace
frag_02659,class_003,Metric Lookup Subspace
frag_02687,class_003,Metric Lookup Subspace
frag_02690,class_003,Metric Lookup Subspace
frag_02692,class_003,Metric Lookup Subspace
frag_02694,class_003,Metric Lookup Subspace
frag_02696,class_003,Metric Lookup Subspace
frag_00150,class_004,Variance Explanation Subspace
frag_00157,class_004,Variance Explanation Subspace
frag_00164,class_004,Variance Explanation Subspace
frag_00215,class_004,Variance Explanation Subspace
frag_00264,class_004,Variance Explanation Subspace
frag_00285,class_004,Variance Explanation Subspace
frag_00289,class_004,Variance Explanation Subspace
frag_00290,class_004,Variance Explanation Subspace
frag_00343,class_004,Variance Explanation Subspace
frag_00359,class_004,Variance Explanation Subspace
frag_00360,class_004,Variance Explanation Subspace
frag_00426,class_004,Variance Explanation Subspace
frag_00602,class_004,Variance Explanation Subspace
frag_00605,class_004,Variance Explanation Subspace
frag_00609,class_004,Variance Explanation Subspace
frag_00615,class_004,Variance Explanation Subspace
frag_00632,class_004,Variance Explanation Subspace
frag_00635,class_004,Variance Explanation Subspace
frag_00636,class_004,Variance Explanation Subspace
frag_00641,class_004,Variance Explanation Subspace
frag_00643,class_004,Variance Explanation Subspace
frag_00645,class_004,Variance Explanation Subspace
frag_00662,class_004,Variance Explanation Subspace
frag_00663,class_004,Variance Explanation Subspace
frag_00665,class_004,Variance Explanation Subspace
frag_00666,class_004,Variance Explanation Subspace
frag_00667,class_004,Variance Explanation Subspace
frag_00685,class_004,Variance Explanation Subspace
frag_00764,class_004,Variance Explanation Subspace
frag_00765,class_004,Variance Explanation Subspace
frag_00766,class_004,Variance Explanation Subspace
frag_00861,class_004,Variance Explanation Subspace
frag_00862,class_004,Variance Explanation Subspace
frag_00902,class_004,Variance Explanation Subspace
frag_00906,class_004,Variance Explanation Subspace
frag_00962,class_004,Variance Explanation Subspace
frag_00964,class_004,Variance Explanation Subspace
frag_00966,class_004,Variance Explanation Subspace
frag_01102,class_004,Variance Explanation Subspace
frag_01106,class_004,Variance Explanation Subspace
frag_01116,class_004,Variance Explanation Subspace
frag_01118,class_004,Variance Explanation Subspace
frag_01289,class_004,Variance Explanation Subspace
frag_01290,class_004,Variance Explanation Subspace
frag_01299,class_004,Variance Explanation Subspace
frag_01552,class_004,Variance Explanation Subspace
frag_01582,class_004,Variance Explanation Subspace
frag_01610,class_004,Variance Explanation Subspace
frag_01612,class_004,Variance Explanation Subspace
frag_01622,class_004,Variance Explanation Subspace
frag_01638,class_004,Variance Explanation Subspace
frag_01683,class_004,Variance Explanation Subspace
frag_01684,class_004,Variance Explanation Subspace
frag_01719,class_004,Variance Explanation Subspace
frag_01722,class_004,Variance Explanation Subspace
frag_01723,class_004,Variance Explanation Subspace
frag_01724,class_004,Variance Explanation Subspace
frag_01725,class_004,Variance Explanation Subspace
frag_01726,class_004,Variance Explanation Subspace
frag_01728,class_004,Variance Explanation Subspace
frag_01729,class_004,Variance Explanation Subspace
frag_01730,class_004,Variance Explanation Subspace
frag_01731,class_004,Variance Explanation Subspace
frag_01769,class_004,Variance Explanation Subspace
frag_01964,class_004,Variance Explanation Subspace
frag_01965,class_004,Variance Explanation Subspace
frag_02049,class_004,Variance Explanation Subspace
frag_02051,class_004,Variance Explanation Subspace
frag_02056,class_004,Variance Explanation Subspace
frag_02058,class_004,Variance Explanation Subspace
frag_02060,class_004,Variance Explanation Subspace
frag_02224,class_004,Variance Explanation Subspace
frag_02297,class_004,Variance Explanation Subspace
frag_02299,class_004,Variance Explanation Subspace
frag_02302,class_004,Variance Explanation Subspace
frag_02329,class_004,Variance Explanation Subspace
frag_02331,class_004,Variance Explanation Subspace
frag_02333,class_004,Variance Explanation Subspace
frag_02334,class_004,Variance Explanation Subspace
frag_02378,class_004,Variance Explanation Subspace
frag_02409,class_004,Variance Explanation Subspace
frag_02410,class_004,Variance Explanation Subspace
frag_02411,class_004,Variance Explanation Subspace
frag_02413,class_004,Variance Explanation Subspace
frag_02415,class_004,Variance Explanation Subspace
frag_02416,class_004,Variance Explanation Subspace
frag_02417,class_004,Variance Explanation Subspace
frag_02418,class_004,Variance Explanation Subspace
frag_02419,class_004,Variance Explanation Subspace
frag_02585,class_004,Variance Explanation Subspace
frag_02586,class_004,Variance Explanation Subspace
frag_02606,class_004,Variance Explanation Subspace
frag_02607,class_004,Variance Explanation Subspace
frag_02610,class_004,Variance Explanation Subspace
frag_02611,class_004,Variance Explanation Subspace
frag_02648,class_004,Variance Explanation Subspace
frag_02660,class_004,Variance Explanation Subspace
frag_02675,class_004,Variance Explanation Subspace
frag_02692,class_004,Variance Explanation Subspace
frag_00029,class_005,Threshold Lookup Subspace
frag_00034,class_005,Threshold Lookup Subspace
frag_00037,class_005,Threshold Lookup Subspace
frag_00043,class_005,Threshold Lookup Subspace
frag_00048,class_005,Threshold Lookup Subspace
frag_00049,class_005,Threshold Lookup Subspace
frag_00084,class_005,Threshold Lookup Subspace
frag_00085,class_005,Threshold Lookup Subspace
frag_00092,class_005,Threshold Lookup Subspace
frag_00140,class_005,Threshold Lookup Subspace
frag_00170,class_005,Threshold Lookup Subspace
frag_00171,class_005,Threshold Lookup Subspace
frag_00177,class_005,Threshold Lookup Subspace
frag_00181,class_005,Threshold Lookup Subspace
frag_00192,class_005,Threshold Lookup Subspace
frag_00199,class_005,Threshold Lookup Subspace
frag_00208,class_005,Threshold Lookup Subspace
frag_00210,class_005,Threshold Lookup Subspace
frag_00211,class_005,Threshold Lookup Subspace
frag_00253,class_005,Threshold Lookup Subspace
frag_00279,class_005,Threshold Lookup Subspace
frag_00281,class_005,Threshold Lookup Subspace
frag_00300,class_005,Threshold Lookup Subspace
frag_00302,class_005,Threshold Lookup Subspace
frag_00316,class_005,Threshold Lookup Subspace
frag_00320,class_005,Threshold Lookup Subspace
frag_00346,class_005,Threshold Lookup Subspace
frag_00347,class_005,Threshold Lookup Subspace
frag_00360,class_005,Threshold Lookup Subspace
frag_00369,class_005,Threshold Lookup Subspace
frag_00374,class_005,Threshold Lookup Subspace
frag_00375,class_005,Threshold Lookup Subspace
frag_00380,class_005,Threshold Lookup Subspace
frag_00381,class_005,Threshold Lookup Subspace
frag_00382,class_005,Threshold Lookup Subspace
frag_00390,class_005,Threshold Lookup Subspace
frag_00397,class_005,Threshold Lookup Subspace
frag_00398,class_005,Threshold Lookup Subspace
frag_00402,class_005,Threshold Lookup Subspace
frag_00452,class_005,Threshold Lookup Subspace
frag_00458,class_005,Threshold Lookup Subspace
frag_00460,class_005,Threshold Lookup Subspace
frag_00470,class_005,Threshold Lookup Subspace
frag_00476,class_005,Threshold Lookup Subspace
frag_00479,class_005,Threshold Lookup Subspace
frag_00480,class_005,Threshold Lookup Subspace
frag_00486,class_005,Threshold Lookup Subspace
frag_00487,class_005,Threshold Lookup Subspace
frag_00490,class_005,Threshold Lookup Subspace
frag_00499,class_005,Threshold Lookup Subspace
frag_00502,class_005,Threshold Lookup Subspace
frag_00509,class_005,Threshold Lookup Subspace
frag_00546,class_005,Threshold Lookup Subspace
frag_00576,class_005,Threshold Lookup Subspace
frag_00577,class_005,Threshold Lookup Subspace
frag_00581,class_005,Threshold Lookup Subspace
frag_00584,class_005,Threshold Lookup Subspace
frag_00586,class_005,Threshold Lookup Subspace
frag_00627,class_005,Threshold Lookup Subspace
frag_00628,class_005,Threshold Lookup Subspace
frag_00645,class_005,Threshold Lookup Subspace
frag_00650,class_005,Threshold Lookup Subspace
frag_00651,class_005,Threshold Lookup Subspace
frag_00671,class_005,Threshold Lookup Subspace
frag_00686,class_005,Threshold Lookup Subspace
frag_00697,class_005,Threshold Lookup Subspace
frag_00702,class_005,Threshold Lookup Subspace
frag_00704,class_005,Threshold Lookup Subspace
frag_00706,class_005,Threshold Lookup Subspace
frag_00709,class_005,Threshold Lookup Subspace
frag_00710,class_005,Threshold Lookup Subspace
frag_00719,class_005,Threshold Lookup Subspace
frag_00722,class_005,Threshold Lookup Subspace
frag_00735,class_005,Threshold Lookup Subspace
frag_00737,class_005,Threshold Lookup Subspace
frag_00753,class_005,Threshold Lookup Subspace
frag_00754,class_005,Threshold Lookup Subspace
frag_00760,class_005,Threshold Lookup Subspace
frag_00761,class_005,Threshold Lookup Subspace
frag_00780,class_005,Threshold Lookup Subspace
frag_00785,class_005,Threshold Lookup Subspace
frag_00790,class_005,Threshold Lookup Subspace
frag_00792,class_005,Threshold Lookup Subspace
frag_00796,class_005,Threshold Lookup Subspace
frag_00799,class_005,Threshold Lookup Subspace
frag_00820,class_005,Threshold Lookup Subspace
frag_00835,class_005,Threshold Lookup Subspace
frag_00839,class_005,Threshold Lookup Subspace
frag_00851,class_005,Threshold Lookup Subspace
frag_00854,class_005,Threshold Lookup Subspace
frag_00880,class_005,Threshold Lookup Subspace
frag_00881,class_005,Threshold Lookup Subspace
frag_00907,class_005,Threshold Lookup Subspace
frag_00934,class_005,Threshold Lookup Subspace
frag_00983,class_005,Threshold Lookup Subspace
frag_00984,class_005,Threshold Lookup Subspace
frag_00996,class_005,Threshold Lookup Subspace
frag_00999,class_005,Threshold Lookup Subspace
frag_01003,class_005,Threshold Lookup Subspace
frag_01032,class_005,Threshold Lookup Subspace
frag_01033,class_005,Threshold Lookup Subspace
frag_01042,class_005,Threshold Lookup Subspace
frag_01043,class_005,Threshold Lookup Subspace
frag_01049,class_005,Threshold Lookup Subspace
frag_01064,class_005,Threshold Lookup Subspace
frag_01069,class_005,Threshold Lookup Subspace
frag_01076,class_005,Threshold Lookup Subspace
frag_01077,class_005,Threshold Lookup Subspace
frag_01089,class_005,Threshold Lookup Subspace
frag_01107,class_005,Threshold Lookup Subspace
frag_01118,class_005,Threshold Lookup Subspace
frag_01134,class_005,Threshold Lookup Subspace
frag_01138,class_005,Threshold Lookup Subspace
frag_01139,class_005,Threshold Lookup Subspace
frag_01140,class_005,Threshold Lookup Subspace
frag_01147,class_005,Threshold Lookup Subspace
frag_01153,class_005,Threshold Lookup Subspace
frag_01174,class_005,Threshold Lookup Subspace
frag_01176,class_005,Threshold Lookup Subspace
frag_01178,class_005,Threshold Lookup Subspace
frag_01180,class_005,Threshold Lookup Subspace
frag_01187,class_005,Threshold Lookup Subspace
frag_01189,class_005,Threshold Lookup Subspace
frag_01190,class_005,Threshold Lookup Subspace
frag_01221,class_005,Threshold Lookup Subspace
frag_01224,class_005,Threshold Lookup Subspace
frag_01267,class_005,Threshold Lookup Subspace
frag_01293,class_005,Threshold Lookup Subspace
frag_01295,class_005,Threshold Lookup Subspace
frag_01296,class_005,Threshold Lookup Subspace
frag_01308,class_005,Threshold Lookup Subspace
frag_01309,class_005,Threshold Lookup Subspace
frag_01311,class_005,Threshold Lookup Subspace
frag_01331,class_005,Threshold Lookup Subspace
frag_01342,class_005,Threshold Lookup Subspace
frag_01343,class_005,Threshold Lookup Subspace
frag_01344,class_005,Threshold Lookup Subspace
frag_01363,class_005,Threshold Lookup Subspace
frag_01364,class_005,Threshold Lookup Subspace
frag_01381,class_005,Threshold Lookup Subspace
frag_01389,class_005,Threshold Lookup Subspace
frag_01435,class_005,Threshold Lookup Subspace
frag_01453,class_005,Threshold Lookup Subspace
frag_01464,class_005,Threshold Lookup Subspace
frag_01468,class_005,Threshold Lookup Subspace
frag_01470,class_005,Threshold Lookup Subspace
frag_01500,class_005,Threshold Lookup Subspace
frag_01542,class_005,Threshold Lookup Subspace
frag_01543,class_005,Threshold Lookup Subspace
frag_01551,class_005,Threshold Lookup Subspace
frag_01565,class_005,Threshold Lookup Subspace
frag_01566,class_005,Threshold Lookup Subspace
frag_01586,class_005,Threshold Lookup Subspace
frag_01587,class_005,Threshold Lookup Subspace
frag_01596,class_005,Threshold Lookup Subspace
frag_01612,class_005,Threshold Lookup Subspace
frag_01616,class_005,Threshold Lookup Subspace
frag_01617,class_005,Threshold Lookup Subspace
frag_01618,class_005,Threshold Lookup Subspace
frag_01620,class_005,Threshold Lookup Subspace
frag_01625,class_005,Threshold Lookup Subspace
frag_01636,class_005,Threshold Lookup Subspace
frag_01638,class_005,Threshold Lookup Subspace
frag_01684,class_005,Threshold Lookup Subspace
frag_01690,class_005,Threshold Lookup Subspace
frag_01703,class_005,Threshold Lookup Subspace
frag_01705,class_005,Threshold Lookup Subspace
frag_01711,class_005,Threshold Lookup Subspace
frag_01728,class_005,Threshold Lookup Subspace
frag_01730,class_005,Threshold Lookup Subspace
frag_01731,class_005,Threshold Lookup Subspace
frag_01732,class_005,Threshold Lookup Subspace
frag_01770,class_005,Threshold Lookup Subspace
frag_01771,class_005,Threshold Lookup Subspace
frag_01779,class_005,Threshold Lookup Subspace
frag_01796,class_005,Threshold Lookup Subspace
frag_01802,class_005,Threshold Lookup Subspace
frag_01807,class_005,Threshold Lookup Subspace
frag_01808,class_005,Threshold Lookup Subspace
frag_01831,class_005,Threshold Lookup Subspace
frag_01839,class_005,Threshold Lookup Subspace
frag_01842,class_005,Threshold Lookup Subspace
frag_01848,class_005,Threshold Lookup Subspace
frag_01857,class_005,Threshold Lookup Subspace
frag_01880,class_005,Threshold Lookup Subspace
frag_01881,class_005,Threshold Lookup Subspace
frag_01894,class_005,Threshold Lookup Subspace
frag_01897,class_005,Threshold Lookup Subspace
frag_01901,class_005,Threshold Lookup Subspace
frag_01912,class_005,Threshold Lookup Subspace
frag_01914,class_005,Threshold Lookup Subspace
frag_01917,class_005,Threshold Lookup Subspace
frag_01918,class_005,Threshold Lookup Subspace
frag_01919,class_005,Threshold Lookup Subspace
frag_01922,class_005,Threshold Lookup Subspace
frag_01924,class_005,Threshold Lookup Subspace
frag_01926,class_005,Threshold Lookup Subspace
frag_01933,class_005,Threshold Lookup Subspace
frag_01934,class_005,Threshold Lookup Subspace
frag_01953,class_005,Threshold Lookup Subspace
frag_01954,class_005,Threshold Lookup Subspace
frag_01956,class_005,Threshold Lookup Subspace
frag_01957,class_005,Threshold Lookup Subspace
frag_01958,class_005,Threshold Lookup Subspace
frag_01966,class_005,Threshold Lookup Subspace
frag_01973,class_005,Threshold Lookup Subspace
frag_01975,class_005,Threshold Lookup Subspace
frag_01977,class_005,Threshold Lookup Subspace
frag_01996,class_005,Threshold Lookup Subspace
frag_02015,class_005,Threshold Lookup Subspace
frag_02017,class_005,Threshold Lookup Subspace
frag_02026,class_005,Threshold Lookup Subspace
frag_02027,class_005,Threshold Lookup Subspace
frag_02032,class_005,Threshold Lookup Subspace
frag_02033,class_005,Threshold Lookup Subspace
frag_02041,class_005,Threshold Lookup Subspace
frag_02051,class_005,Threshold Lookup Subspace
frag_02065,class_005,Threshold Lookup Subspace
frag_02084,class_005,Threshold Lookup Subspace
frag_02098,class_005,Threshold Lookup Subspace
frag_02109,class_005,Threshold Lookup Subspace
frag_02111,class_005,Threshold Lookup Subspace
frag_02121,class_005,Threshold Lookup Subspace
frag_02123,class_005,Threshold Lookup Subspace
frag_02153,class_005,Threshold Lookup Subspace
frag_02155,class_005,Threshold Lookup Subspace
frag_02157,class_005,Threshold Lookup Subspace
frag_02165,class_005,Threshold Lookup Subspace
frag_02166,class_005,Threshold Lookup Subspace
frag_02194,class_005,Threshold Lookup Subspace
frag_02195,class_005,Threshold Lookup Subspace
frag_02224,class_005,Threshold Lookup Subspace
frag_02229,class_005,Threshold Lookup Subspace
frag_02249,class_005,Threshold Lookup Subspace
frag_02251,class_005,Threshold Lookup Subspace
frag_02254,class_005,Threshold Lookup Subspace
frag_02257,class_005,Threshold Lookup Subspace
frag_02268,class_005,Threshold Lookup Subspace
frag_02354,class_005,Threshold Lookup Subspace
frag_02374,class_005,Threshold Lookup Subspace
frag_02382,class_005,Threshold Lookup Subspace
frag_02385,class_005,Threshold Lookup Subspace
frag_02387,class_005,Threshold Lookup Subspace
frag_02389,class_005,Threshold Lookup Subspace
frag_02390,class_005,Threshold Lookup Subspace
frag_02392,class_005,Threshold Lookup Subspace
frag_02396,class_005,Threshold Lookup Subspace
frag_02398,class_005,Threshold Lookup Subspace
frag_02402,class_005,Threshold Lookup Subspace
frag_02403,class_005,Threshold Lookup Subspace
frag_02406,class_005,Threshold Lookup Subspace
frag_02409,class_005,Threshold Lookup Subspace
frag_02453,class_005,Threshold Lookup Subspace
frag_02469,class_005,Threshold Lookup Subspace
frag_02498,class_005,Threshold Lookup Subspace
frag_02503,class_005,Threshold Lookup Subspace
frag_02504,class_005,Threshold Lookup Subspace
frag_02520,class_005,Threshold Lookup Subspace
frag_02522,class_005,Threshold Lookup Subspace
frag_02545,class_005,Threshold Lookup Subspace
frag_02546,class_005,Threshold Lookup Subspace
frag_02547,class_005,Threshold Lookup Subspace
frag_02548,class_005,Threshold Lookup Subspace
frag_02549,class_005,Threshold Lookup Subspace
frag_02560,class_005,Threshold Lookup Subspace
frag_02561,class_005,Threshold Lookup Subspace
frag_02568,class_005,Threshold Lookup Subspace
frag_02581,class_005,Threshold Lookup Subspace
frag_02591,class_005,Threshold Lookup Subspace
frag_02657,class_005,Threshold Lookup Subspace
frag_02658,class_005,Threshold Lookup Subspace
frag_02719,class_005,Threshold Lookup Subspace
frag_02721,class_005,Threshold Lookup Subspace
