node_id,node_type,label,density
qproto_001_threshold_lookup,prototype,threshold_lookup(amount_threshold),0.9737
qproto_002_metric_lookup,prototype,metric_lookup(metric),0.8208
qproto_003_rule_lookup,prototype,rule_lookup(subject),0.648
qproto_004_exception_lookup,prototype,exception_lookup(condition),0.5197
qproto_005_variance_explanation,prototype,variance_explanation(metric),0.3878
qproto_006_applicability_check,prototype,applicability_check(audience),0.3466
qproto_007_effective_date_lookup,prototype,effective_date_lookup(document),0.2694
qproto_008_threshold_lookup,prototype,"threshold_lookup(amount_threshold, region)",0.3137
qproto_009_metric_lookup,prototype,"metric_lookup(metric, period)",0.141
qproto_010_variance_explanation,prototype,variance_explanation(metric),0.1603
qproto_011_owner_lookup,prototype,owner_lookup(object),0.1375
qproto_012_sla_lookup,prototype,sla_lookup(step),0.143
qproto_013_approval_lookup,prototype,"approval_lookup(region, transaction_type)",0.1787
qproto_014_approval_lookup,prototype,approval_lookup(transaction_type),0.1805
qproto_015_approval_lookup,prototype,"approval_lookup(amount_threshold, transaction_type)",0.1781
qproto_016_escalation_lookup,prototype,escalation_lookup(trigger),0.1526
qproto_017_approval_lookup,prototype,"approval_lookup(amount_threshold, region, transaction_type)",0.1621
frag_00001,fragment,frag_00001,
frag_00002,fragment,frag_00002,
frag_00004,fragment,frag_00004,
frag_00005,fragment,frag_00005,
frag_00006,fragment,frag_00006,
frag_00025,fragment,frag_00025,
frag_00027,fragment,frag_00027,
frag_00028,fragment,frag_00028,
frag_00029,fragment,frag_00029,
frag_00034,fragment,frag_00034,
frag_00037,fragment,frag_00037,
frag_00041,fragment,frag_00041,
frag_00043,fragment,frag_00043,
frag_00047,fragment,frag_00047,
frag_00048,fragment,frag_00048,
frag_00049,fragment,frag_00049,
frag_00066,fragment,frag_00066,
frag_00071,fragment,frag_00071,
frag_00072,fragment,frag_00072,
frag_00084,fragment,frag_00084,
frag_00085,fragment,frag_00085,
frag_00086,fragment,frag_00086,
frag_00090,fragment,frag_00090,
frag_00092,fragment,frag_00092,
frag_00099,fragment,frag_00099,
frag_00101,fragment,frag_00101,
frag_00104,fragment,frag_00104,
frag_00110,fragment,frag_00110,
frag_00125,fragment,frag_00125,
frag_00129,fragment,frag_00129,
frag_00131,fragment,frag_00131,
frag_00133,fragment,frag_00133,
frag_00135,fragment,frag_00135,
frag_00137,fragment,frag_00137,
frag_00139,fragment,frag_00139,
frag_00140,fragment,frag_00140,
frag_00150,fragment,frag_00150,
frag_00157,fragment,frag_00157,
frag_00160,fragment,frag_00160,
frag_00164,fragment,frag_00164,
frag_00168,fragment,frag_00168,
frag_00170,fragment,frag_00170,
frag_00171,fragment,frag_00171,
frag_00174,fragment,frag_00174,
frag_00177,fragment,frag_00177,
frag_00181,fragment,frag_00181,
frag_00192,fragment,frag_00192,
frag_00194,fragment,frag_00194,
frag_00196,fragment,frag_00196,
frag_00197,fragment,frag_00197,
frag_00198,fragment,frag_00198,
frag_00199,fragment,frag_00199,
frag_00200,fragment,frag_00200,
frag_00204,fragment,frag_00204,
frag_00208,fragment,frag_00208,
frag_00210,fragment,frag_00210,
frag_00211,fragment,frag_00211,
frag_00215,fragment,frag_00215,
frag_00216,fragment,frag_00216,
frag_00217,fragment,frag_00217,
frag_00218,fragment,frag_00218,
frag_00225,fragment,frag_00225,
frag_00226,fragment,frag_00226,
frag_00227,fragment,frag_00227,
frag_00228,fragment,frag_00228,
frag_00240,fragment,frag_00240,
frag_00247,fragment,frag_00247,
frag_00253,fragment,frag_00253,
frag_00262,fragment,frag_00262,
frag_00263,fragment,frag_00263,
frag_00264,fragment,frag_00264,
frag_00265,fragment,frag_00265,
frag_00267,fragment,frag_00267,
frag_00268,fragment,frag_00268,
frag_00269,fragment,frag_00269,
frag_00270,fragment,frag_00270,
frag_00274,fragment,frag_00274,
frag_00279,fragment,frag_00279,
frag_00281,fragment,frag_00281,
frag_00284,fragment,frag_00284,
frag_00285,fragment,frag_00285,
frag_00286,fragment,frag_00286,
frag_00288,fragment,frag_00288,
frag_00289,fragment,frag_00289,
frag_00290,fragment,frag_00290,
frag_00297,fragment,frag_00297,
frag_00299,fragment,frag_00299,
frag_00300,fragment,frag_00300,
frag_00301,fragment,frag_00301,
frag_00302,fragment,frag_00302,
frag_00305,fragment,frag_00305,
frag_00306,fragment,frag_00306,
frag_00307,fragment,frag_00307,
frag_00308,fragment,frag_00308,
frag_00309,fragment,frag_00309,
frag_00316,fragment,frag_00316,
frag_00318,fragment,frag_00318,
frag_00320,fragment,frag_00320,
frag_00323,fragment,frag_00323,
frag_00326,fragment,frag_00326,
frag_00343,fragment,frag_00343,
frag_00346,fragment,frag_00346,
frag_00347,fragment,frag_00347,
frag_00349,fragment,frag_00349,
frag_00357,fragment,frag_00357,
frag_00358,fragment,frag_00358,
frag_00359,fragment,frag_00359,
frag_00360,fragment,frag_00360,
frag_00369,fragment,frag_00369,
frag_00374,fragment,frag_00374,
frag_00375,fragment,frag_00375,
frag_00380,fragment,frag_00380,
frag_00381,fragment,frag_00381,
frag_00382,fragment,frag_00382,
frag_00389,fragment,frag_00389,
frag_00390,fragment,frag_00390,
frag_00393,fragment,frag_00393,
frag_00397,fragment,frag_00397,
frag_00398,fragment,frag_00398,
frag_00400,fragment,frag_00400,
frag_00402,fragment,frag_00402,
frag_00403,fragment,frag_00403,
frag_00404,fragment,frag_00404,
frag_00408,fragment,frag_00408,
frag_00409,fragment,frag_00409,
frag_00411,fragment,frag_00411,
frag_00413,fragment,frag_00413,
frag_00414,fragment,frag_00414,
frag_00415,fragment,frag_00415,
frag_00416,fragment,frag_00416,
frag_00417,fragment,frag_00417,
frag_00418,fragment,frag_00418,
frag_00419,fragment,frag_00419,
frag_00422,fragment,frag_00422,
frag_00424,fragment,frag_00424,
frag_00425,fragment,frag_00425,
frag_00426,fragment,frag_00426,
frag_00434,fragment,frag_00434,
frag_00435,fragment,frag_00435,
frag_00437,fragment,frag_00437,
frag_00438,fragment,frag_00438,
frag_00439,fragment,frag_00439,
frag_00440,fragment,frag_00440,
frag_00441,fragment,frag_00441,
frag_00442,fragment,frag_00442,
frag_00443,fragment,frag_00443,
frag_00444,fragment,frag_00444,
frag_00445,fragment,frag_00445,
frag_00446,fragment,frag_00446,
frag_00448,fragment,frag_00448,
frag_00449,fragment,frag_00449,
frag_00450,fragment,frag_00450,
frag_00452,fragment,frag_00452,
frag_00454,fragment,frag_00454,
frag_00455,fragment,frag_00455,
frag_00456,fragment,frag_00456,
frag_00457,fragment,frag_00457,
frag_00458,fragment,frag_00458,
frag_00460,fragment,frag_00460,
frag_00465,fragment,frag_00465,
frag_00466,fragment,frag_00466,
frag_00468,fragment,frag_00468,
frag_00470,fragment,frag_00470,
frag_00475,fragment,frag_00475,
frag_00476,fragment,frag_00476,
frag_00479,fragment,frag_00479,
frag_00480,fragment,frag_00480,
frag_00485,fragment,frag_00485,
frag_00486,fragment,frag_00486,
frag_00487,fragment,frag_00487,
frag_00490,fragment,frag_00490,
frag_00497,fragment,frag_00497,
frag_00499,fragment,frag_00499,
frag_00500,fragment,frag_00500,
frag_00502,fragment,frag_00502,
frag_00505,fragment,frag_00505,
frag_00509,fragment,frag_00509,
frag_00533,fragment,frag_00533,
frag_00538,fragment,frag_00538,
frag_00539,fragment,frag_00539,
frag_00540,fragment,frag_00540,
frag_00545,fragment,frag_00545,
frag_00546,fragment,frag_00546,
frag_00547,fragment,frag_00547,
frag_00553,fragment,frag_00553,
frag_00554,fragment,frag_00554,
frag_00576,fragment,frag_00576,
frag_00577,fragment,frag_00577,
frag_00579,fragment,frag_00579,
frag_00581,fragment,frag_00581,
frag_00584,fragment,frag_00584,
frag_00585,fragment,frag_00585,
frag_00586,fragment,frag_00586,
frag_00588,fragment,frag_00588,
frag_00590,fragment,frag_00590,
frag_00592,fragment,frag_00592,
frag_00596,fragment,frag_00596,
frag_00597,fragment,frag_00597,
frag_00598,fragment,frag_00598,
frag_00602,fragment,frag_00602,
frag_00605,fragment,frag_00605,
frag_00609,fragment,frag_00609,
frag_00615,fragment,frag_00615,
frag_00618,fragment,frag_00618,
frag_00619,fragment,frag_00619,
frag_00622,fragment,frag_00622,
frag_00624,fragment,frag_00624,
frag_00625,fragment,frag_00625,
frag_00626,fragment,frag_00626,
frag_00627,fragment,frag_00627,
frag_00628,fragment,frag_00628,
frag_00632,fragment,frag_00632,
frag_00635,fragment,frag_00635,
frag_00636,fragment,frag_00636,
frag_00641,fragment,frag_00641,
frag_00643,fragment,frag_00643,
frag_00645,fragment,frag_00645,
frag_00646,fragment,frag_00646,
frag_00647,fragment,frag_00647,
frag_00648,fragment,frag_00648,
frag_00650,fragment,frag_00650,
frag_00651,fragment,frag_00651,
frag_00655,fragment,frag_00655,
frag_00656,fragment,frag_00656,
frag_00661,fragment,frag_00661,
frag_00662,fragment,frag_00662,
frag_00663,fragment,frag_00663,
frag_00664,fragment,frag_00664,
frag_00665,fragment,frag_00665,
frag_00666,fragment,frag_00666,
frag_00667,fragment,frag_00667,
frag_00668,fragment,frag_00668,
frag_00669,fragment,frag_00669,
frag_00671,fragment,frag_00671,
frag_00678,fragment,frag_00678,
frag_00679,fragment,frag_00679,
frag_00681,fragment,frag_00681,
frag_00683,fragment,frag_00683,
frag_00685,fragment,frag_00685,
frag_00686,fragment,frag_00686,
frag_00691,fragment,frag_00691,
frag_00696,fragment,frag_00696,
frag_00697,fragment,frag_00697,
frag_00698,fragment,frag_00698,
frag_00699,fragment,frag_00699,
frag_00701,fragment,frag_00701,
frag_00702,fragment,frag_00702,
frag_00704,fragment,frag_00704,
frag_00706,fragment,frag_00706,
frag_00709,fragment,frag_00709,
frag_00710,fragment,frag_00710,
frag_00711,fragment,frag_00711,
frag_00713,fragment,frag_00713,
frag_00714,fragment,frag_00714,
frag_00716,fragment,frag_00716,
frag_00719,fragment,frag_00719,
frag_00720,fragment,frag_00720,
frag_00721,fragment,frag_00721,
frag_00722,fragment,frag_00722,
frag_00735,fragment,frag_00735,
frag_00737,fragment,frag_00737,
frag_00738,fragment,frag_00738,
frag_00743,fragment,frag_00743,
frag_00746,fragment,frag_00746,
frag_00753,fragment,frag_00753,
frag_00754,fragment,frag_00754,
frag_00759,fragment,frag_00759,
frag_00760,fragment,frag_00760,
frag_00761,fragment,frag_00761,
frag_00764,fragment,frag_00764,
frag_00765,fragment,frag_00765,
frag_00766,fragment,frag_00766,
frag_00767,fragment,frag_00767,
frag_00768,fragment,frag_00768,
frag_00769,fragment,frag_00769,
frag_00770,fragment,frag_00770,
frag_00771,fragment,frag_00771,
frag_00772,fragment,frag_00772,
frag_00773,fragment,frag_00773,
frag_00774,fragment,frag_00774,
frag_00775,fragment,frag_00775,
frag_00776,fragment,frag_00776,
frag_00777,fragment,frag_00777,
frag_00778,fragment,frag_00778,
frag_00779,fragment,frag_00779,
frag_00780,fragment,frag_00780,
frag_00785,fragment,frag_00785,
frag_00788,fragment,frag_00788,
frag_00790,fragment,frag_00790,
frag_00792,fragment,frag_00792,
frag_00796,fragment,frag_00796,
frag_00797,fragment,frag_00797,
frag_00799,fragment,frag_00799,
frag_00800,fragment,frag_00800,
frag_00801,fragment,frag_00801,
frag_00802,fragment,frag_00802,
frag_00803,fragment,frag_00803,
frag_00804,fragment,frag_00804,
frag_00808,fragment,frag_00808,
frag_00820,fragment,frag_00820,
frag_00822,fragment,frag_00822,
frag_00824,fragment,frag_00824,
frag_00826,fragment,frag_00826,
frag_00830,fragment,frag_00830,
frag_00831,fragment,frag_00831,
frag_00832,fragment,frag_00832,
frag_00833,fragment,frag_00833,
frag_00834,fragment,frag_00834,
frag_00835,fragment,frag_00835,
frag_00836,fragment,frag_00836,
frag_00839,fragment,frag_00839,
frag_00848,fragment,frag_00848,
frag_00849,fragment,frag_00849,
frag_00850,fragment,frag_00850,
frag_00851,fragment,frag_00851,
frag_00852,fragment,frag_00852,
frag_00853,fragment,frag_00853,
frag_00854,fragment,frag_00854,
frag_00861,fragment,frag_00861,
frag_00862,fragment,frag_00862,
frag_00863,fragment,frag_00863,
frag_00869,fragment,frag_00869,
frag_00877,fragment,frag_00877,
frag_00880,fragment,frag_00880,
frag_00881,fragment,frag_00881,
frag_00897,fragment,frag_00897,
frag_00898,fragment,frag_00898,
frag_00899,fragment,frag_00899,
frag_00902,fragment,frag_00902,
frag_00904,fragment,frag_00904,
frag_00906,fragment,frag_00906,
frag_00907,fragment,frag_00907,
frag_00924,fragment,frag_00924,
frag_00931,fragment,frag_00931,
frag_00933,fragment,frag_00933,
frag_00934,fragment,frag_00934,
frag_00936,fragment,frag_00936,
frag_00937,fragment,frag_00937,
frag_00940,fragment,frag_00940,
frag_00942,fragment,frag_00942,
frag_00956,fragment,frag_00956,
frag_00957,fragment,frag_00957,
frag_00960,fragment,frag_00960,
frag_00962,fragment,frag_00962,
frag_00964,fragment,frag_00964,
frag_00966,fragment,frag_00966,
frag_00967,fragment,frag_00967,
frag_00968,fragment,frag_00968,
frag_00980,fragment,frag_00980,
frag_00982,fragment,frag_00982,
frag_00983,fragment,frag_00983,
frag_00984,fragment,frag_00984,
frag_00985,fragment,frag_00985,
frag_00989,fragment,frag_00989,
frag_00990,fragment,frag_00990,
frag_00992,fragment,frag_00992,
frag_00996,fragment,frag_00996,
frag_00999,fragment,frag_00999,
frag_01002,fragment,frag_01002,
frag_01003,fragment,frag_01003,
frag_01008,fragment,frag_01008,
frag_01010,fragment,frag_01010,
frag_01013,fragment,frag_01013,
frag_01014,fragment,frag_01014,
frag_01015,fragment,frag_01015,
frag_01019,fragment,frag_01019,
frag_01021,fragment,frag_01021,
frag_01032,fragment,frag_01032,
frag_01033,fragment,frag_01033,
frag_01038,fragment,frag_01038,
frag_01039,fragment,frag_01039,
frag_01040,fragment,frag_01040,
frag_01042,fragment,frag_01042,
frag_01043,fragment,frag_01043,
frag_01049,fragment,frag_01049,
frag_01051,fragment,frag_01051,
frag_01052,fragment,frag_01052,
frag_01053,fragment,frag_01053,
frag_01054,fragment,frag_01054,
frag_01055,fragment,frag_01055,
frag_01056,fragment,frag_01056,
frag_01064,fragment,frag_01064,
frag_01069,fragment,frag_01069,
frag_01075,fragment,frag_01075,
frag_01076,fragment,frag_01076,
frag_01077,fragment,frag_01077,
frag_01078,fragment,frag_01078,
frag_01079,fragment,frag_01079,
frag_01080,fragment,frag_01080,
frag_01081,fragment,frag_01081,
frag_01082,fragment,frag_01082,
frag_01083,fragment,frag_01083,
frag_01084,fragment,frag_01084,
frag_01089,fragment,frag_01089,
frag_01090,fragment,frag_01090,
frag_01092,fragment,frag_01092,
frag_01094,fragment,frag_01094,
frag_01098,fragment,frag_01098,
frag_01102,fragment,frag_01102,
frag_01104,fragment,frag_01104,
frag_01106,fragment,frag_01106,
frag_01107,fragment,frag_01107,
frag_01116,fragment,frag_01116,
frag_01118,fragment,frag_01118,
frag_01119,fragment,frag_01119,
frag_01132,fragment,frag_01132,
frag_01134,fragment,frag_01134,
frag_01138,fragment,frag_01138,
frag_01139,fragment,frag_01139,
frag_01140,fragment,frag_01140,
frag_01145,fragment,frag_01145,
frag_01146,fragment,frag_01146,
frag_01147,fragment,frag_01147,
frag_01150,fragment,frag_01150,
frag_01153,fragment,frag_01153,
frag_01160,fragment,frag_01160,
frag_01163,fragment,frag_01163,
frag_01174,fragment,frag_01174,
frag_01175,fragment,frag_01175,
frag_01176,fragment,frag_01176,
frag_01178,fragment,frag_01178,
frag_01180,fragment,frag_01180,
frag_01181,fragment,frag_01181,
frag_01182,fragment,frag_01182,
frag_01185,fragment,frag_01185,
frag_01187,fragment,frag_01187,
frag_01189,fragment,frag_01189,
frag_01190,fragment,frag_01190,
frag_01196,fragment,frag_01196,
frag_01198,fragment,frag_01198,
frag_01199,fragment,frag_01199,
frag_01200,fragment,frag_01200,
frag_01206,fragment,frag_01206,
frag_01207,fragment,frag_01207,
frag_01208,fragment,frag_01208,
frag_01220,fragment,frag_01220,
frag_01221,fragment,frag_01221,
frag_01224,fragment,frag_01224,
frag_01255,fragment,frag_01255,
frag_01257,fragment,frag_01257,
frag_01258,fragment,frag_01258,
frag_01264,fragment,frag_01264,
frag_01267,fragment,frag_01267,
frag_01280,fragment,frag_01280,
frag_01284,fragment,frag_01284,
frag_01286,fragment,frag_01286,
frag_01288,fragment,frag_01288,
frag_01289,fragment,frag_01289,
frag_01290,fragment,frag_01290,
frag_01293,fragment,frag_01293,
frag_01295,fragment,frag_01295,
frag_01296,fragment,frag_01296,
frag_01299,fragment,frag_01299,
frag_01300,fragment,frag_01300,
frag_01302,fragment,frag_01302,
frag_01303,fragment,frag_01303,
frag_01307,fragment,frag_01307,
frag_01308,fragment,frag_01308,
frag_01309,fragment,frag_01309,
frag_01311,fragment,frag_01311,
frag_01315,fragment,frag_01315,
frag_01327,fragment,frag_01327,
frag_01331,fragment,frag_01331,
frag_01332,fragment,frag_01332,
frag_01337,fragment,frag_01337,
frag_01338,fragment,frag_01338,
frag_01341,fragment,frag_01341,
frag_01342,fragment,frag_01342,
frag_01343,fragment,frag_01343,
frag_01344,fragment,frag_01344,
frag_01363,fragment,frag_01363,
frag_01364,fragment,frag_01364,
frag_01366,fragment,frag_01366,
frag_01367,fragment,frag_01367,
frag_01369,fragment,frag_01369,
frag_01381,fragment,frag_01381,
frag_01382,fragment,frag_01382,
frag_01383,fragment,frag_01383,
frag_01387,fragment,frag_01387,
frag_01388,fragment,frag_01388,
frag_01389,fragment,frag_01389,
frag_01397,fragment,frag_01397,
frag_01398,fragment,frag_01398,
frag_01399,fragment,frag_01399,
frag_01402,fragment,frag_01402,
frag_01403,fragment,frag_01403,
frag_01404,fragment,frag_01404,
frag_01409,fragment,frag_01409,
frag_01410,fragment,frag_01410,
frag_01428,fragment,frag_01428,
frag_01429,fragment,frag_01429,
frag_01430,fragment,frag_01430,
frag_01435,fragment,frag_01435,
frag_01453,fragment,frag_01453,
frag_01454,fragment,frag_01454,
frag_01459,fragment,frag_01459,
frag_01464,fragment,frag_01464,
frag_01468,fragment,frag_01468,
frag_01470,fragment,frag_01470,
frag_01471,fragment,frag_01471,
frag_01472,fragment,frag_01472,
frag_01481,fragment,frag_01481,
frag_01488,fragment,frag_01488,
frag_01490,fragment,frag_01490,
frag_01491,fragment,frag_01491,
frag_01492,fragment,frag_01492,
frag_01493,fragment,frag_01493,
frag_01494,fragment,frag_01494,
frag_01499,fragment,frag_01499,
frag_01500,fragment,frag_01500,
frag_01504,fragment,frag_01504,
frag_01506,fragment,frag_01506,
frag_01509,fragment,frag_01509,
frag_01512,fragment,frag_01512,
frag_01523,fragment,frag_01523,
frag_01527,fragment,frag_01527,
frag_01535,fragment,frag_01535,
frag_01537,fragment,frag_01537,
frag_01541,fragment,frag_01541,
frag_01542,fragment,frag_01542,
frag_01543,fragment,frag_01543,
frag_01544,fragment,frag_01544,
frag_01545,fragment,frag_01545,
frag_01548,fragment,frag_01548,
frag_01551,fragment,frag_01551,
frag_01552,fragment,frag_01552,
frag_01554,fragment,frag_01554,
frag_01555,fragment,frag_01555,
frag_01557,fragment,frag_01557,
frag_01559,fragment,frag_01559,
frag_01560,fragment,frag_01560,
frag_01561,fragment,frag_01561,
frag_01565,fragment,frag_01565,
frag_01566,fragment,frag_01566,
frag_01567,fragment,frag_01567,
frag_01568,fragment,frag_01568,
frag_01582,fragment,frag_01582,
frag_01586,fragment,frag_01586,
frag_01587,fragment,frag_01587,
frag_01590,fragment,frag_01590,
frag_01595,fragment,frag_01595,
frag_01596,fragment,frag_01596,
frag_01601,fragment,frag_01601,
frag_01607,fragment,frag_01607,
frag_01610,fragment,frag_01610,
frag_01611,fragment,frag_01611,
frag_01612,fragment,frag_01612,
frag_01615,fragment,frag_01615,
frag_01616,fragment,frag_01616,
frag_01617,fragment,frag_01617,
frag_01618,fragment,frag_01618,
frag_01620,fragment,frag_01620,
frag_01622,fragment,frag_01622,
frag_01625,fragment,frag_01625,
frag_01634,fragment,frag_01634,
frag_01636,fragment,frag_01636,
frag_01638,fragment,frag_01638,
frag_01642,fragment,frag_01642,
frag_01643,fragment,frag_01643,
frag_01645,fragment,frag_01645,
frag_01646,fragment,frag_01646,
frag_01647,fragment,frag_01647,
frag_01648,fragment,frag_01648,
frag_01650,fragment,frag_01650,
frag_01654,fragment,frag_01654,
frag_01655,fragment,frag_01655,
frag_01656,fragment,frag_01656,
frag_01671,fragment,frag_01671,
frag_01681,fragment,frag_01681,
frag_01682,fragment,frag_01682,
frag_01683,fragment,frag_01683,
frag_01684,fragment,frag_01684,
frag_01687,fragment,frag_01687,
frag_01690,fragment,frag_01690,
frag_01703,fragment,frag_01703,
frag_01705,fragment,frag_01705,
frag_01706,fragment,frag_01706,
frag_01711,fragment,frag_01711,
frag_01719,fragment,frag_01719,
frag_01720,fragment,frag_01720,
frag_01722,fragment,frag_01722,
frag_01723,fragment,frag_01723,
frag_01724,fragment,frag_01724,
frag_01725,fragment,frag_01725,
frag_01726,fragment,frag_01726,
frag_01727,fragment,frag_01727,
frag_01728,fragment,frag_01728,
frag_01729,fragment,frag_01729,
frag_01730,fragment,frag_01730,
frag_01731,fragment,frag_01731,
frag_01732,fragment,frag_01732,
frag_01734,fragment,frag_01734,
frag_01737,fragment,frag_01737,
frag_01739,fragment,frag_01739,
frag_01740,fragment,frag_01740,
frag_01741,fragment,frag_01741,
frag_01742,fragment,frag_01742,
frag_01743,fragment,frag_01743,
frag_01744,fragment,frag_01744,
frag_01745,fragment,frag_01745,
frag_01746,fragment,frag_01746,
frag_01747,fragment,frag_01747,
frag_01752,fragment,frag_01752,
frag_01754,fragment,frag_01754,
frag_01755,fragment,frag_01755,
frag_01756,fragment,frag_01756,
frag_01757,fragment,frag_01757,
frag_01759,fragment,frag_01759,
frag_01769,fragment,frag_01769,
frag_01770,fragment,frag_01770,
frag_01771,fragment,frag_01771,
frag_01774,fragment,frag_01774,
frag_01775,fragment,frag_01775,
frag_01778,fragment,frag_01778,
frag_01779,fragment,frag_01779,
frag_01782,fragment,frag_01782,
frag_01783,fragment,frag_01783,
frag_01792,fragment,frag_01792,
frag_01796,fragment,frag_01796,
frag_01802,fragment,frag_01802,
frag_01807,fragment,frag_01807,
frag_01808,fragment,frag_01808,
frag_01816,fragment,frag_01816,
frag_01819,fragment,frag_01819,
frag_01821,fragment,frag_01821,
frag_01823,fragment,frag_01823,
frag_01825,fragment,frag_01825,
frag_01831,fragment,frag_01831,
frag_01832,fragment,frag_01832,
frag_01834,fragment,frag_01834,
frag_01836,fragment,frag_01836,
frag_01839,fragment,frag_01839,
frag_01842,fragment,frag_01842,
frag_01844,fragment,frag_01844,
frag_01846,fragment,frag_01846,
frag_01847,fragment,frag_01847,
frag_01848,fragment,frag_01848,
frag_01849,fragment,frag_01849,
frag_01857,fragment,frag_01857,
frag_01863,fragment,frag_01863,
frag_01864,fragment,frag_01864,
frag_01865,fragment,frag_01865,
frag_01867,fragment,frag_01867,
frag_01868,fragment,frag_01868,
frag_01869,fragment,frag_01869,
frag_01871,fragment,frag_01871,
frag_01880,fragment,frag_01880,
frag_01881,fragment,frag_01881,
frag_01882,fragment,frag_01882,
frag_01883,fragment,frag_01883,
frag_01884,fragment,frag_01884,
frag_01885,fragment,frag_01885,
frag_01891,fragment,frag_01891,
frag_01893,fragment,frag_01893,
frag_01894,fragment,frag_01894,
frag_01897,fragment,frag_01897,
frag_01901,fragment,frag_01901,
frag_01907,fragment,frag_01907,
frag_01908,fragment,frag_01908,
frag_01909,fragment,frag_01909,
frag_01912,fragment,frag_01912,
frag_01914,fragment,frag_01914,
frag_01917,fragment,frag_01917,
frag_01918,fragment,frag_01918,
frag_01919,fragment,frag_01919,
frag_01922,fragment,frag_01922,
frag_01924,fragment,frag_01924,
frag_01926,fragment,frag_01926,
frag_01932,fragment,frag_01932,
frag_01933,fragment,frag_01933,
frag_01934,fragment,frag_01934,
frag_01935,fragment,frag_01935,
frag_01936,fragment,frag_01936,
frag_01937,fragment,frag_01937,
frag_01938,fragment,frag_01938,
frag_01939,fragment,frag_01939,
frag_01940,fragment,frag_01940,
frag_01942,fragment,frag_01942,
frag_01951,fragment,frag_01951,
frag_01952,fragment,frag_01952,
frag_01953,fragment,frag_01953,
frag_01954,fragment,frag_01954,
frag_01956,fragment,frag_01956,
frag_01957,fragment,frag_01957,
frag_01958,fragment,frag_01958,
frag_01959,fragment,frag_01959,
frag_01960,fragment,frag_01960,
frag_01961,fragment,frag_01961,
frag_01962,fragment,frag_01962,
frag_01963,fragment,frag_01963,
frag_01964,fragment,frag_01964,
frag_01965,fragment,frag_01965,
frag_01966,fragment,frag_01966,
frag_01967,fragment,frag_01967,
frag_01973,fragment,frag_01973,
frag_01974,fragment,frag_01974,
frag_01975,fragment,frag_01975,
frag_01977,fragment,frag_01977,
frag_01980,fragment,frag_01980,
frag_01982,fragment,frag_01982,
frag_01987,fragment,frag_01987,
frag_01988,fragment,frag_01988,
frag_01990,fragment,frag_01990,
frag_01992,fragment,frag_01992,
frag_01995,fragment,frag_01995,
frag_01996,fragment,frag_01996,
frag_01997,fragment,frag_01997,
frag_02013,fragment,frag_02013,
frag_02015,fragment,frag_02015,
frag_02017,fragment,frag_02017,
frag_02026,fragment,frag_02026,
frag_02027,fragment,frag_02027,
frag_02032,fragment,frag_02032,
frag_02033,fragment,frag_02033,
frag_02035,fragment,frag_02035,
frag_02041,fragment,frag_02041,
frag_02048,fragment,frag_02048,
frag_02049,fragment,frag_02049,
frag_02050,fragment,frag_02050,
frag_02051,fragment,frag_02051,
frag_02052,fragment,frag_02052,
frag_02053,fragment,frag_02053,
frag_02056,fragment,frag_02056,
frag_02058,fragment,frag_02058,
frag_02060,fragment,frag_02060,
frag_02062,fragment,frag_02062,
frag_02063,fragment,frag_02063,
frag_02065,fragment,frag_02065,
frag_02073,fragment,frag_02073,
frag_02075,fragment,frag_02075,
frag_02076,fragment,frag_02076,
frag_02077,fragment,frag_02077,
frag_02082,fragment,frag_02082,
frag_02083,fragment,frag_02083,
frag_02084,fragment,frag_02084,
frag_02085,fragment,frag_02085,
frag_02095,fragment,frag_02095,
frag_02096,fragment,frag_02096,
frag_02098,fragment,frag_02098,
frag_02099,fragment,frag_02099,
frag_02100,fragment,frag_02100,
frag_02103,fragment,frag_02103,
frag_02104,fragment,frag_02104,
frag_02105,fragment,frag_02105,
frag_02106,fragment,frag_02106,
frag_02109,fragment,frag_02109,
frag_02110,fragment,frag_02110,
frag_02111,fragment,frag_02111,
frag_02114,fragment,frag_02114,
frag_02121,fragment,frag_02121,
frag_02123,fragment,frag_02123,
frag_02127,fragment,frag_02127,
frag_02131,fragment,frag_02131,
frag_02134,fragment,frag_02134,
frag_02136,fragment,frag_02136,
frag_02141,fragment,frag_02141,
frag_02142,fragment,frag_02142,
frag_02143,fragment,frag_02143,
frag_02144,fragment,frag_02144,
frag_02145,fragment,frag_02145,
frag_02147,fragment,frag_02147,
frag_02153,fragment,frag_02153,
frag_02155,fragment,frag_02155,
frag_02157,fragment,frag_02157,
frag_02159,fragment,frag_02159,
frag_02165,fragment,frag_02165,
frag_02166,fragment,frag_02166,
frag_02169,fragment,frag_02169,
frag_02170,fragment,frag_02170,
frag_02171,fragment,frag_02171,
frag_02172,fragment,frag_02172,
frag_02173,fragment,frag_02173,
frag_02174,fragment,frag_02174,
frag_02175,fragment,frag_02175,
frag_02176,fragment,frag_02176,
frag_02180,fragment,frag_02180,
frag_02182,fragment,frag_02182,
frag_02183,fragment,frag_02183,
frag_02194,fragment,frag_02194,
frag_02195,fragment,frag_02195,
frag_02202,fragment,frag_02202,
frag_02213,fragment,frag_02213,
frag_02214,fragment,frag_02214,
frag_02217,fragment,frag_02217,
frag_02220,fragment,frag_02220,
frag_02222,fragment,frag_02222,
frag_02224,fragment,frag_02224,
frag_02229,fragment,frag_02229,
frag_02247,fragment,frag_02247,
frag_02248,fragment,frag_02248,
frag_02249,fragment,frag_02249,
frag_02250,fragment,frag_02250,
frag_02251,fragment,frag_02251,
frag_02252,fragment,frag_02252,
frag_02254,fragment,frag_02254,
frag_02257,fragment,frag_02257,
frag_02259,fragment,frag_02259,
frag_02260,fragment,frag_02260,
frag_02265,fragment,frag_02265,
frag_02266,fragment,frag_02266,
frag_02268,fragment,frag_02268,
frag_02281,fragment,frag_02281,
frag_02290,fragment,frag_02290,
frag_02291,fragment,frag_02291,
frag_02292,fragment,frag_02292,
frag_02293,fragment,frag_02293,
frag_02297,fragment,frag_02297,
frag_02299,fragment,frag_02299,
frag_02302,fragment,frag_02302,
frag_02306,fragment,frag_02306,
frag_02307,fragment,frag_02307,
frag_02310,fragment,frag_02310,
frag_02314,fragment,frag_02314,
frag_02329,fragment,frag_02329,
frag_02331,fragment,frag_02331,
frag_02333,fragment,frag_02333,
frag_02334,fragment,frag_02334,
frag_02335,fragment,frag_02335,
frag_02337,fragment,frag_02337,
frag_02338,fragment,frag_02338,
frag_02339,fragment,frag_02339,
frag_02342,fragment,frag_02342,
frag_02344,fragment,frag_02344,
frag_02345,fragment,frag_02345,
frag_02347,fragment,frag_02347,
frag_02348,fragment,frag_02348,
frag_02349,fragment,frag_02349,
frag_02354,fragment,frag_02354,
frag_02356,fragment,frag_02356,
frag_02374,fragment,frag_02374,
frag_02376,fragment,frag_02376,
frag_02377,fragment,frag_02377,
frag_02378,fragment,frag_02378,
frag_02379,fragment,frag_02379,
frag_02380,fragment,frag_02380,
frag_02381,fragment,frag_02381,
frag_02382,fragment,frag_02382,
frag_02385,fragment,frag_02385,
frag_02386,fragment,frag_02386,
frag_02387,fragment,frag_02387,
frag_02389,fragment,frag_02389,
frag_02390,fragment,frag_02390,
frag_02392,fragment,frag_02392,
frag_02396,fragment,frag_02396,
frag_02398,fragment,frag_02398,
frag_02399,fragment,frag_02399,
frag_02402,fragment,frag_02402,
frag_02403,fragment,frag_02403,
frag_02406,fragment,frag_02406,
frag_02408,fragment,frag_02408,
frag_02409,fragment,frag_02409,
frag_02410,fragment,frag_02410,
frag_02411,fragment,frag_02411,
frag_02413,fragment,frag_02413,
frag_02415,fragment,frag_02415,
frag_02416,fragment,frag_02416,
frag_02417,fragment,frag_02417,
frag_02418,fragment,frag_02418,
frag_02419,fragment,frag_02419,
frag_02421,fragment,frag_02421,
frag_02422,fragment,frag_02422,
frag_02423,fragment,frag_02423,
frag_02432,fragment,frag_02432,
frag_02435,fragment,frag_02435,
frag_02438,fragment,frag_02438,
frag_02440,fragment,frag_02440,
frag_02442,fragment,frag_02442,
frag_02443,fragment,frag_02443,
frag_02446,fragment,frag_02446,
frag_02449,fragment,frag_02449,
frag_02451,fragment,frag_02451,
frag_02452,fragment,frag_02452,
frag_02453,fragment,frag_02453,
frag_02454,fragment,frag_02454,
frag_02455,fragment,frag_02455,
frag_02469,fragment,frag_02469,
frag_02472,fragment,frag_02472,
frag_02474,fragment,frag_02474,
frag_02482,fragment,frag_02482,
frag_02483,fragment,frag_02483,
frag_02486,fragment,frag_02486,
frag_02487,fragment,frag_02487,
frag_02488,fragment,frag_02488,
frag_02490,fragment,frag_02490,
frag_02491,fragment,frag_02491,
frag_02492,fragment,frag_02492,
frag_02493,fragment,frag_02493,
frag_02496,fragment,frag_02496,
frag_02498,fragment,frag_02498,
frag_02502,fragment,frag_02502,
frag_02503,fragment,frag_02503,
frag_02504,fragment,frag_02504,
frag_02513,fragment,frag_02513,
frag_02514,fragment,frag_02514,
frag_02515,fragment,frag_02515,
frag_02516,fragment,frag_02516,
frag_02517,fragment,frag_02517,
frag_02518,fragment,frag_02518,
frag_02519,fragment,frag_02519,
frag_02520,fragment,frag_02520,
frag_02521,fragment,frag_02521,
frag_02522,fragment,frag_02522,
frag_02539,fragment,frag_02539,
frag_02541,fragment,frag_02541,
frag_02545,fragment,frag_02545,
frag_02546,fragment,frag_02546,
frag_02547,fragment,frag_02547,
frag_02548,fragment,frag_02548,
frag_02549,fragment,frag_02549,
frag_02551,fragment,frag_02551,
frag_02552,fragment,frag_02552,
frag_02557,fragment,frag_02557,
frag_02560,fragment,frag_02560,
frag_02561,fragment,frag_02561,
frag_02568,fragment,frag_02568,
frag_02569,fragment,frag_02569,
frag_02571,fragment,frag_02571,
frag_02572,fragment,frag_02572,
frag_02578,fragment,frag_02578,
frag_02580,fragment,frag_02580,
frag_02581,fragment,frag_02581,
frag_02585,fragment,frag_02585,
frag_02586,fragment,frag_02586,
frag_02587,fragment,frag_02587,
frag_02591,fragment,frag_02591,
frag_02605,fragment,frag_02605,
frag_02606,fragment,frag_02606,
frag_02607,fragment,frag_02607,
frag_02608,fragment,frag_02608,
frag_02609,fragment,frag_02609,
frag_02610,fragment,frag_02610,
frag_02611,fragment,frag_02611,
frag_02612,fragment,frag_02612,
frag_02613,fragment,frag_02613,
frag_02614,fragment,frag_02614,
frag_02616,fragment,frag_02616,
frag_02617,fragment,frag_02617,
frag_02619,fragment,frag_02619,
frag_02626,fragment,frag_02626,
frag_02629,fragment,frag_02629,
frag_02634,fragment,frag_02634,
frag_02636,fragment,frag_02636,
frag_02639,fragment,frag_02639,
frag_02641,fragment,frag_02641,
frag_02642,fragment,frag_02642,
frag_02648,fragment,frag_02648,
frag_02654,fragment,frag_02654,
frag_02657,fragment,frag_02657,
frag_02658,fragment,frag_02658,
frag_02659,fragment,frag_02659,
frag_02660,fragment,frag_02660,
frag_02671,fragment,frag_02671,
frag_02673,fragment,frag_02673,
frag_02675,fragment,frag_02675,
frag_02677,fragment,frag_02677,
frag_02678,fragment,frag_02678,
frag_02679,fragment,frag_02679,
frag_02680,fragment,frag_02680,
frag_02681,fragment,frag_02681,
frag_02682,fragment,frag_02682,
frag_02683,fragment,frag_02683,
frag_02684,fragment,frag_02684,
frag_02685,fragment,frag_02685,
frag_02686,fragment,frag_02686,
frag_02687,fragment,frag_02687,
frag_02690,fragment,frag_02690,
frag_02692,fragment,frag_02692,
frag_02694,fragment,frag_02694,
frag_02696,fragment,frag_02696,
frag_02699,fragment,frag_02699,
frag_02701,fragment,frag_02701,
frag_02703,fragment,frag_02703,
frag_02705,fragment,frag_02705,
frag_02708,fragment,frag_02708,
frag_02710,fragment,frag_02710,
frag_02712,fragment,frag_02712,
frag_02714,fragment,frag_02714,
frag_02717,fragment,frag_02717,
frag_02719,fragment,frag_02719,
frag_02721,fragment,frag_02721,
frag_02723,fragment,frag_02723,
frag_02725,fragment,frag_02725,
frag_02729,fragment,frag_02729,
frag_02731,fragment,frag_02731,
frag_02732,fragment,frag_02732,
frag_02733,fragment,frag_02733,
frag_02734,fragment,frag_02734,
frag_02735,fragment,frag_02735,
frag_02736,fragment,frag_02736,
frag_02738,fragment,frag_02738,
frag_02743,fragment,frag_02743,
frag_02745,fragment,frag_02745,
frag_02746,fragment,frag_02746,
frag_02747,fragment,frag_02747,
frag_02749,fragment,frag_02749,
frag_02751,fragment,frag_02751,
frag_02752,fragment,frag_02752,
frag_02754,fragment,frag_02754,
frag_02756,fragment,frag_02756,
frag_02759,fragment,frag_02759,
frag_02761,fragment,frag_02761,
frag_02762,fragment,frag_02762,
frag_02764,fragment,frag_02764,
frag_02765,fragment,frag_02765,
frag_02766,fragment,frag_02766,
frag_02768,fragment,frag_02768,
role::amount_threshold,evidence_role,amount_threshold,
role::approver,evidence_role,approver,
role::audience,evidence_role,audience,
role::condition,evidence_role,condition,
role::effective_date,evidence_role,effective_date,
role::escalation_target,evidence_role,escalation_target,
role::exception,evidence_role,exception,
role::metric,evidence_role,metric,
role::owner,evidence_role,owner,
role::period,evidence_role,period,
role::region,evidence_role,region,
role::rule,evidence_role,rule,
role::scope,evidence_role,scope,
role::sla,evidence_role,sla,
role::value,evidence_role,value,
role::variance,evidence_role,variance,
role::variance_driver,evidence_role,variance_driver,
class_001,class,Policy-like Fragments,
class_002,class,Approval Lookup Subspace,
class_003,class,Metric Lookup Subspace,
class_004,class,Variance Explanation Subspace,
class_005,class,Threshold Lookup Subspace,
doc_0001,document,doc_0001,
doc_0005,document,doc_0005,
doc_0007,document,doc_0007,
doc_0009,document,doc_0009,
doc_0011,document,doc_0011,
doc_0013,document,doc_0013,
doc_0019,document,doc_0019,
doc_0021,document,doc_0021,
doc_0023,document,doc_0023,
doc_0025,document,doc_0025,
doc_0027,document,doc_0027,
doc_0029,document,doc_0029,
doc_0031,document,doc_0031,
doc_0033,document,doc_0033,
doc_0035,document,doc_0035,
doc_0037,document,doc_0037,
doc_0041,document,doc_0041,
doc_0043,document,doc_0043,
doc_0045,document,doc_0045,
doc_0047,document,doc_0047,
doc_0049,document,doc_0049,
doc_0051,document,doc_0051,
doc_0053,document,doc_0053,
doc_0055,document,doc_0055,
doc_0057,document,doc_0057,
doc_0059,document,doc_0059,
doc_0061,document,doc_0061,
doc_0063,document,doc_0063,
doc_0065,document,doc_0065,
doc_0069,document,doc_0069,
doc_0073,document,doc_0073,
doc_0075,document,doc_0075,
doc_0077,document,doc_0077,
doc_0079,document,doc_0079,
doc_0081,document,doc_0081,
doc_0083,document,doc_0083,
doc_0085,document,doc_0085,
doc_0087,document,doc_0087,
doc_0089,document,doc_0089,
doc_0093,document,doc_0093,
doc_0095,document,doc_0095,
doc_0097,document,doc_0097,
doc_0103,document,doc_0103,
doc_0107,document,doc_0107,
doc_0111,document,doc_0111,
doc_0113,document,doc_0113,
doc_0115,document,doc_0115,
doc_0117,document,doc_0117,
doc_0119,document,doc_0119,
doc_0121,document,doc_0121,
doc_0123,document,doc_0123,
doc_0125,document,doc_0125,
doc_0127,document,doc_0127,
doc_0129,document,doc_0129,
doc_0131,document,doc_0131,
doc_0133,document,doc_0133,
doc_0137,document,doc_0137,
doc_0139,document,doc_0139,
doc_0141,document,doc_0141,
doc_0145,document,doc_0145,
doc_0147,document,doc_0147,
doc_0149,document,doc_0149,
doc_0151,document,doc_0151,
doc_0153,document,doc_0153,
doc_0155,document,doc_0155,
doc_0157,document,doc_0157,
doc_0159,document,doc_0159,
doc_0161,document,doc_0161,
doc_0165,document,doc_0165,
doc_0167,document,doc_0167,
doc_0169,document,doc_0169,
doc_0173,document,doc_0173,
doc_0175,document,doc_0175,
doc_0179,document,doc_0179,
doc_0183,document,doc_0183,
doc_0185,document,doc_0185,
doc_0187,document,doc_0187,
doc_0189,document,doc_0189,
doc_0191,document,doc_0191,
doc_0193,document,doc_0193,
doc_0195,document,doc_0195,
doc_0199,document,doc_0199,
doc_0201,document,doc_0201,
doc_0203,document,doc_0203,
doc_0205,document,doc_0205,
doc_0207,document,doc_0207,
doc_0209,document,doc_0209,
doc_0211,document,doc_0211,
doc_0213,document,doc_0213,
doc_0215,document,doc_0215,
doc_0217,document,doc_0217,
doc_0219,document,doc_0219,
doc_0221,document,doc_0221,
doc_0223,document,doc_0223,
doc_0225,document,doc_0225,
doc_0227,document,doc_0227,
doc_0229,document,doc_0229,
doc_0233,document,doc_0233,
doc_0237,document,doc_0237,
doc_0239,document,doc_0239,
doc_0241,document,doc_0241,
doc_0243,document,doc_0243,
doc_0245,document,doc_0245,
doc_0249,document,doc_0249,
doc_0251,document,doc_0251,
doc_0255,document,doc_0255,
doc_0257,document,doc_0257,
doc_0259,document,doc_0259,
doc_0261,document,doc_0261,
doc_0263,document,doc_0263,
doc_0265,document,doc_0265,
doc_0271,document,doc_0271,
doc_0273,document,doc_0273,
doc_0275,document,doc_0275,
doc_0279,document,doc_0279,
doc_0281,document,doc_0281,
doc_0283,document,doc_0283,
doc_0289,document,doc_0289,
doc_0291,document,doc_0291,
doc_0293,document,doc_0293,
doc_0295,document,doc_0295,
doc_0297,document,doc_0297,
doc_0299,document,doc_0299,
doc_0301,document,doc_0301,
doc_0303,document,doc_0303,
doc_0305,document,doc_0305,
doc_0311,document,doc_0311,
doc_0313,document,doc_0313,
doc_0315,document,doc_0315,
doc_0317,document,doc_0317,
doc_0319,document,doc_0319,
doc_0323,document,doc_0323,
doc_0325,document,doc_0325,
doc_0327,document,doc_0327,
doc_0329,document,doc_0329,
doc_0331,document,doc_0331,
doc_0333,document,doc_0333,
doc_0335,document,doc_0335,
doc_0341,document,doc_0341,
doc_0345,document,doc_0345,
doc_0347,document,doc_0347,
doc_0351,document,doc_0351,
doc_0353,document,doc_0353,
doc_0355,document,doc_0355,
doc_0359,document,doc_0359,
doc_0361,document,doc_0361,
doc_0363,document,doc_0363,
doc_0365,document,doc_0365,
doc_0369,document,doc_0369,
doc_0371,document,doc_0371,
doc_0373,document,doc_0373,
doc_0375,document,doc_0375,
doc_0377,document,doc_0377,
doc_0379,document,doc_0379,
doc_0385,document,doc_0385,
doc_0389,document,doc_0389,
doc_0391,document,doc_0391,
doc_0393,document,doc_0393,
doc_0395,document,doc_0395,
doc_0399,document,doc_0399,
doc_0401,document,doc_0401,
doc_0403,document,doc_0403,
doc_0405,document,doc_0405,
doc_0407,document,doc_0407,
doc_0409,document,doc_0409,
doc_0411,document,doc_0411,
doc_0415,document,doc_0415,
doc_0417,document,doc_0417,
doc_0419,document,doc_0419,
doc_0421,document,doc_0421,
doc_0423,document,doc_0423,
doc_0425,document,doc_0425,
doc_0427,document,doc_0427,
doc_0431,document,doc_0431,
doc_0433,document,doc_0433,
doc_0435,document,doc_0435,
doc_0437,document,doc_0437,
doc_0439,document,doc_0439,
doc_0441,document,doc_0441,
doc_0443,document,doc_0443,
doc_0445,document,doc_0445,
doc_0447,document,doc_0447,
doc_0449,document,doc_0449,
doc_0451,document,doc_0451,
doc_0453,document,doc_0453,
doc_0455,document,doc_0455,
doc_0457,document,doc_0457,
doc_0459,document,doc_0459,
doc_0461,document,doc_0461,
doc_0463,document,doc_0463,
doc_0465,document,doc_0465,
doc_0467,document,doc_0467,
doc_0469,document,doc_0469,
doc_0471,document,doc_0471,
doc_0473,document,doc_0473,
doc_0477,document,doc_0477,
doc_0479,document,doc_0479,
doc_0481,document,doc_0481,
doc_0483,document,doc_0483,
doc_0487,document,doc_0487,
doc_0489,document,doc_0489,
doc_0491,document,doc_0491,
doc_0493,document,doc_0493,
doc_0495,document,doc_0495,
doc_0497,document,doc_0497,
doc_0499,document,doc_0499,
doc_0501,document,doc_0501,
doc_0507,document,doc_0507,
doc_0509,document,doc_0509,
doc_0511,document,doc_0511,
doc_0513,document,doc_0513,
doc_0515,document,doc_0515,
doc_0519,document,doc_0519,
doc_0521,document,doc_0521,
doc_0523,document,doc_0523,
doc_0525,document,doc_0525,
doc_0527,document,doc_0527,
doc_0531,document,doc_0531,
doc_0533,document,doc_0533,
doc_0535,document,doc_0535,
doc_0537,document,doc_0537,
doc_0539,document,doc_0539,
doc_0543,document,doc_0543,
doc_0545,document,doc_0545,
doc_0549,document,doc_0549,
doc_0550,document,doc_0550,
doc_0551,document,doc_0551,
doc_0552,document,doc_0552,
doc_0553,document,doc_0553,
doc_0554,document,doc_0554,
doc_0555,document,doc_0555,
doc_0557,document,doc_0557,
doc_0558,document,doc_0558,
doc_0559,document,doc_0559,
